{"text": " Alright, I see we are up and running the mode. This is just a test to make sure all is set up.", "segments": [{"id": 0, "seek": 0, "start": 0.0, "end": 5.0, "text": " Alright, I see we are up and running the mode.", "tokens": [50364, 2798, 11, 286, 536, 321, 366, 493, 293, 2614, 264, 4391, 13, 50614], "temperature": 0.0, "avg_logprob": -0.3402284622192383, "compression_ratio": 1.0804597701149425, "no_speech_prob": 0.015482944436371326}, {"id": 1, "seek": 0, "start": 5.0, "end": 9.0, "text": " This is just a test to make sure all is set up.", "tokens": [50614, 639, 307, 445, 257, 1500, 281, 652, 988, 439, 307, 992, 493, 13, 50814], "temperature": 0.0, "avg_logprob": -0.3402284622192383, "compression_ratio": 1.0804597701149425, "no_speech_prob": 0.015482944436371326}], "language": "English"}