{"text": " All right, all right. Let's make sure this is good", "segments": [{"id": 0, "seek": 0, "start": 0.0, "end": 3.22, "text": " All right, all right. Let's make sure this is good", "tokens": [50364, 1057, 558, 11, 439, 558, 13, 961, 311, 652, 988, 341, 307, 665, 50525], "temperature": 0.0, "avg_logprob": -0.2744040787220001, "compression_ratio": 1.0, "no_speech_prob": 0.04347013682126999}], "language": "English"}